host_first_name,host_last_name,host_email,host_phone,host_address,host_city,host_state,host_postal_code,standard_rate,weekend_rate,guest_first_name,guest_last_name,guest_email,guest_phone,guest_state,start_date,end_date,total
Kathlyn,Yearnes,eyearnes0@sfgate.com,(806) 1783815,3 Nova Trail,Amarillo,TX,79182,340,425,Blake,Naismith,bnaismithhr@skyrock.com,(915) 2180345,TX,2021-07-31,2021-08-07,2550
Kathlyn,Yearnes,eyearnes0@sfgate.com,(806) 1783815,3 Nova Trail,Amarillo,TX,79182,340,425,Deny,Lyness,dlynessy@icio.us,(704) 1597211,NC,2021-03-23,2021-03-26,1020
Kathlyn,Yearnes,eyearnes0@sfgate.com,(806) 1783815,3 Nova Trail,Amarillo,TX,79182,340,425,Lonny,Afonso,lafonsobd@discuz.net,(402) 2609934,NE,2021-04-23,2021-04-26,1190
Kathlyn,Yearnes,eyearnes0@sfgate.com,(806) 1783815,3 Nova Trail,Amarillo,TX,79182,340,425,Robbin,De Stoop,rdestoopdp@freewebs.com,(850) 4957875,FL,2022-03-17,2022-03-22,1870
Kathlyn,Yearnes,eyearnes0@sfgate.com,(806) 1783815,3 Nova Trail,Amarillo,TX,79182,340,425,Vail,Kerrane,vkerranepw@prweb.com,(760) 8760327,CA,2022-01-26,2022-02-01,2210
Kathlyn,Yearnes,eyearnes0@sfgate.com,(806) 1783815,3 Nova Trail,Amarillo,TX,79182,340,425,Mike,Gauler,mgaulerfd@pinterest.com,(213) 9709756,CA,2021-12-25,2021-12-30,1785
Kathlyn,Yearnes,eyearnes0@sfgate.com,(806) 1783815,3 Nova Trail,Amarillo,TX,79182,340,425,Zorah,Halmkin,zhalmkinje@moonfruit.com,(801) 7805042,UT,2021-05-02,2021-05-08,2125
Kathlyn,Yearnes,eyearnes0@sfgate.com,(806) 1783815,3 Nova Trail,Amarillo,TX,79182,340,425,Rodger,Cattrell,rcattrellft@histats.com,(323) 4668347,CA,2022-03-13,2022-03-15,680
Kathlyn,Yearnes,eyearnes0@sfgate.com,(806) 1783815,3 Nova Trail,Amarillo,TX,79182,340,425,Fonz,Swayne,fswayne7y@creativecommons.org,(386) 2717907,FL,2021-10-04,2021-10-07,1020
Kathlyn,Yearnes,eyearnes0@sfgate.com,(806) 1783815,3 Nova Trail,Amarillo,TX,79182,340,425,Dotti,Enderlein,denderleino1@prlog.org,(903) 8219601,TX,2021-12-14,2021-12-15,340
Kathlyn,Yearnes,eyearnes0@sfgate.com,(806) 1783815,3 Nova Trail,Amarillo,TX,79182,340,425,Jerrine,Fancott,jfancottej@photobucket.com,(502) 3389093,KY,2022-01-16,2022-01-17,340
Kathlyn,Yearnes,eyearnes0@sfgate.com,(806) 1783815,3 Nova Trail,Amarillo,TX,79182,340,425,Inge,Gout,igout5j@skype.com,(210) 6817663,TX,2021-10-19,2021-10-20,340
Kathlyn,Yearnes,eyearnes0@sfgate.com,(806) 1783815,3 Nova Trail,Amarillo,TX,79182,340,425,Heywood,Mellhuish,hmellhuish45@pen.io,(425) 2278177,WA,2021-11-01,2021-11-08,2550
Ernie,Harley,charley4@apple.com,(954) 7895760,1 Maple Wood Terrace,Orlando,FL,32825,176,220,Orelee,Scales,oscalespt@surveymonkey.com,(915) 6765839,TX,2021-09-14,2021-09-21,1320
Ernie,Harley,charley4@apple.com,(954) 7895760,1 Maple Wood Terrace,Orlando,FL,32825,176,220,Tierney,MacTrusty,tmactrustyhb@prlog.org,(610) 8450893,PA,2021-12-04,2021-12-11,1320
Ernie,Harley,charley4@apple.com,(954) 7895760,1 Maple Wood Terrace,Orlando,FL,32825,176,220,Durand,Fellowes,dfellowes3j@xinhuanet.com,(510) 8841543,CA,2022-01-15,2022-01-16,220
Ernie,Harley,charley4@apple.com,(954) 7895760,1 Maple Wood Terrace,Orlando,FL,32825,176,220,Calvin,Cromly,ccromlyg7@t-online.de,(406) 3991008,MT,2021-09-04,2021-09-09,924
Ernie,Harley,charley4@apple.com,(954) 7895760,1 Maple Wood Terrace,Orlando,FL,32825,176,220,Edythe,McGeady,emcgeady3l@histats.com,(702) 3855293,NV,2022-01-09,2022-01-10,176
Ernie,Harley,charley4@apple.com,(954) 7895760,1 Maple Wood Terrace,Orlando,FL,32825,176,220,Meredith,Lubbock,mlubbock5h@furl.net,(803) 9535133,SC,2021-12-31,2022-01-06,1144
Ernie,Harley,charley4@apple.com,(954) 7895760,1 Maple Wood Terrace,Orlando,FL,32825,176,220,Raymond,Fraczak,rfraczakb5@ifeng.com,(757) 9172669,VA,2021-05-30,2021-05-31,176
Ernie,Harley,charley4@apple.com,(954) 7895760,1 Maple Wood Terrace,Orlando,FL,32825,176,220,Siusan,Billett,sbillettpk@webs.com,(626) 7681137,CA,2022-02-24,2022-02-27,616
Ernie,Harley,charley4@apple.com,(954) 7895760,1 Maple Wood Terrace,Orlando,FL,32825,176,220,Sherie,Wootton,swoottondj@toplist.cz,(512) 6245075,TX,2021-12-01,2021-12-04,572
Ernie,Harley,charley4@apple.com,(954) 7895760,1 Maple Wood Terrace,Orlando,FL,32825,176,220,Gerard,Hugett,ghugettma@unicef.org,(502) 3987347,KY,2022-03-15,2022-03-18,528
Ernie,Harley,charley4@apple.com,(954) 7895760,1 Maple Wood Terrace,Orlando,FL,32825,176,220,Eugen,Coleshill,ecoleshillpf@fotki.com,(571) 2404397,VA,2022-02-18,2022-02-22,792
Ernie,Harley,charley4@apple.com,(954) 7895760,1 Maple Wood Terrace,Orlando,FL,32825,176,220,Helaina,Luney,hluney7s@dailymail.co.uk,(619) 2414294,CA,2021-12-14,2021-12-18,748
Eldora,Vaisey,cvaiseyn@ucsd.edu,(208) 9563557,71 Forest Dale Street,Boise,ID,83732,144,180,Brena,Eick,beick4v@pagesperso-orange.fr,(805) 2595624,CA,2021-12-28,2021-12-29,144
Eldora,Vaisey,cvaiseyn@ucsd.edu,(208) 9563557,71 Forest Dale Street,Boise,ID,83732,144,180,Tatiana,Wilsher,twilsher3o@constantcontact.com,(915) 3252768,TX,2021-08-17,2021-08-19,288
Eldora,Vaisey,cvaiseyn@ucsd.edu,(208) 9563557,71 Forest Dale Street,Boise,ID,83732,144,180,Katinka,Kirsop,kkirsoplq@oaic.gov.au,(310) 1789979,CA,2021-09-06,2021-09-10,576
Eldora,Vaisey,cvaiseyn@ucsd.edu,(208) 9563557,71 Forest Dale Street,Boise,ID,83732,144,180,Lianne,Witherby,lwitherbyi2@shinystat.com,(501) 6206057,AR,2022-03-05,2022-03-09,612
Eldora,Vaisey,cvaiseyn@ucsd.edu,(208) 9563557,71 Forest Dale Street,Boise,ID,83732,144,180,Tim,Greggor,tgreggorh3@purevolume.com,(214) 3708005,TX,2021-03-28,2021-04-01,576
Eldora,Vaisey,cvaiseyn@ucsd.edu,(208) 9563557,71 Forest Dale Street,Boise,ID,83732,144,180,Opaline,Luety,oluetyq4@cdbaby.com,(215) 5718049,PA,2021-05-06,2021-05-07,144
Eldora,Vaisey,cvaiseyn@ucsd.edu,(208) 9563557,71 Forest Dale Street,Boise,ID,83732,144,180,Constantine,Ballentime,cballentime5z@google.com.br,(714) 4744899,CA,2021-07-26,2021-07-31,756
Eldora,Vaisey,cvaiseyn@ucsd.edu,(208) 9563557,71 Forest Dale Street,Boise,ID,83732,144,180,Allister,Petr,apetrdr@mysql.com,(571) 6793064,VA,2021-11-22,2021-11-27,756
Eldora,Vaisey,cvaiseyn@ucsd.edu,(208) 9563557,71 Forest Dale Street,Boise,ID,83732,144,180,Barde,Whacket,bwhacketp2@slideshare.net,(601) 7536610,MS,2021-12-03,2021-12-07,648
Eldora,Vaisey,cvaiseyn@ucsd.edu,(208) 9563557,71 Forest Dale Street,Boise,ID,83732,144,180,Calvin,Cromly,ccromlyg7@t-online.de,(406) 3991008,MT,2022-03-04,2022-03-05,180
Eldora,Vaisey,cvaiseyn@ucsd.edu,(208) 9563557,71 Forest Dale Street,Boise,ID,83732,144,180,Natassia,Waison,nwaisonom@newyorker.com,(334) 8537699,AL,2021-10-22,2021-10-24,360
Eldora,Vaisey,cvaiseyn@ucsd.edu,(208) 9563557,71 Forest Dale Street,Boise,ID,83732,144,180,Brande,Challis,bchallisbc@youtube.com,(574) 9790533,IN,2022-03-09,2022-03-16,1080
Eldora,Vaisey,cvaiseyn@ucsd.edu,(208) 9563557,71 Forest Dale Street,Boise,ID,83732,144,180,Morgan,Doumerque,mdoumerque8p@businessinsider.com,(203) 9074794,CT,2021-09-14,2021-09-19,792
Eldora,Vaisey,cvaiseyn@ucsd.edu,(208) 9563557,71 Forest Dale Street,Boise,ID,83732,144,180,Sayres,Tallow,stallowha@simplemachines.org,(404) 9128632,GA,2022-02-22,2022-02-26,612
Eldora,Vaisey,cvaiseyn@ucsd.edu,(208) 9563557,71 Forest Dale Street,Boise,ID,83732,144,180,Arie,Warstall,awarstallil@nasa.gov,(719) 4048931,CO,2021-10-18,2021-10-21,432
Eldora,Vaisey,cvaiseyn@ucsd.edu,(208) 9563557,71 Forest Dale Street,Boise,ID,83732,144,180,Thornie,Rojahn,trojahnlg@php.net,(314) 7952046,MO,2021-04-28,2021-05-05,1080
Eldora,Vaisey,cvaiseyn@ucsd.edu,(208) 9563557,71 Forest Dale Street,Boise,ID,83732,144,180,Lib,Peachey,lpeacheyjc@ucoz.ru,(951) 9735060,CA,2021-08-23,2021-08-24,144
Eldora,Vaisey,cvaiseyn@ucsd.edu,(208) 9563557,71 Forest Dale Street,Boise,ID,83732,144,180,Bobbie,Moiser,bmoiserc6@privacy.gov.au,(757) 4728389,VA,2021-11-06,2021-11-10,612
Eldora,Vaisey,cvaiseyn@ucsd.edu,(208) 9563557,71 Forest Dale Street,Boise,ID,83732,144,180,Olivette,Langdale,olangdale14@hp.com,(763) 6461933,MN,2021-04-06,2021-04-11,792
Eldora,Vaisey,cvaiseyn@ucsd.edu,(208) 9563557,71 Forest Dale Street,Boise,ID,83732,144,180,Nert,Detoile,ndetoile3r@yahoo.co.jp,(202) 5472570,DC,2021-07-01,2021-07-04,504
Tim,Sadlier,esadliero@boston.com,(951) 7892635,183 Gateway Street,Moreno Valley,CA,92555,374,467.5,Alia,Signe,asignenn@ning.com,(503) 6943136,OR,2022-03-16,2022-03-17,374
Tim,Sadlier,esadliero@boston.com,(951) 7892635,183 Gateway Street,Moreno Valley,CA,92555,374,467.5,Robinson,Burdon,rburdon5u@sitemeter.com,(202) 9698434,DC,2021-07-12,2021-07-17,1963.5
Tim,Sadlier,esadliero@boston.com,(951) 7892635,183 Gateway Street,Moreno Valley,CA,92555,374,467.5,Rodger,Cattrell,rcattrellft@histats.com,(323) 4668347,CA,2022-01-05,2022-01-12,2805.0
Tim,Sadlier,esadliero@boston.com,(951) 7892635,183 Gateway Street,Moreno Valley,CA,92555,374,467.5,Jilly,Frill,jfrillbq@w3.org,(202) 7661349,DC,2021-10-29,2021-10-31,935.0
Tim,Sadlier,esadliero@boston.com,(951) 7892635,183 Gateway Street,Moreno Valley,CA,92555,374,467.5,Phineas,Nowell,pnowellr1@seesaa.net,(202) 1532866,DC,2021-12-01,2021-12-08,2805.0
Tim,Sadlier,esadliero@boston.com,(951) 7892635,183 Gateway Street,Moreno Valley,CA,92555,374,467.5,Gilbert,Ruprich,gruprichng@indiegogo.com,(303) 9124790,CO,2021-12-25,2021-12-31,2337.5
Tim,Sadlier,esadliero@boston.com,(951) 7892635,183 Gateway Street,Moreno Valley,CA,92555,374,467.5,Tremayne,Lorain,tlorainh2@istockphoto.com,(312) 3530202,IL,2022-03-02,2022-03-08,2431.0
Tim,Sadlier,esadliero@boston.com,(951) 7892635,183 Gateway Street,Moreno Valley,CA,92555,374,467.5,Ashia,Carverhill,acarverhillga@stumbleupon.com,(310) 4689030,CA,2021-06-14,2021-06-18,1496
Tim,Sadlier,esadliero@boston.com,(951) 7892635,183 Gateway Street,Moreno Valley,CA,92555,374,467.5,Dotty,Grieves,dgrievesgw@biblegateway.com,(678) 3673552,GA,2021-04-03,2021-04-07,1589.5
Mimi,Torri,etorriv@yelp.com,(317) 7683712,29 Mosinee Avenue,Indianapolis,IN,46207,118,147.5,Jarred,Cristofolini,jcristofolinib2@netvibes.com,(231) 2652105,MI,2022-02-19,2022-02-23,501.5
Mimi,Torri,etorriv@yelp.com,(317) 7683712,29 Mosinee Avenue,Indianapolis,IN,46207,118,147.5,Ara,McNamee,amcnameeq9@fotki.com,(570) 6674439,PA,2021-06-04,2021-06-11,885.0
Mimi,Torri,etorriv@yelp.com,(317) 7683712,29 Mosinee Avenue,Indianapolis,IN,46207,118,147.5,Regan,d'Arcy,rdarcy34@cnn.com,(214) 9356241,TX,2021-07-11,2021-07-17,737.5
Mimi,Torri,etorriv@yelp.com,(317) 7683712,29 Mosinee Avenue,Indianapolis,IN,46207,118,147.5,Grazia,Franke,gfrankehn@cbslocal.com,(206) 9413893,WA,2021-12-21,2021-12-26,649.0
Mimi,Torri,etorriv@yelp.com,(317) 7683712,29 Mosinee Avenue,Indianapolis,IN,46207,118,147.5,Burke,Jewiss,bjewiss4j@geocities.jp,(215) 1106432,PA,2021-11-19,2021-11-20,147.5
Mimi,Torri,etorriv@yelp.com,(317) 7683712,29 Mosinee Avenue,Indianapolis,IN,46207,118,147.5,Aryn,Haberfield,ahaberfieldh4@fc2.com,(424) 5967141,CA,2021-08-28,2021-09-01,501.5
Mimi,Torri,etorriv@yelp.com,(317) 7683712,29 Mosinee Avenue,Indianapolis,IN,46207,118,147.5,Kendall,Carefull,kcarefullge@cnbc.com,(716) 7371939,NY,2021-05-10,2021-05-13,354
Mimi,Torri,etorriv@yelp.com,(317) 7683712,29 Mosinee Avenue,Indianapolis,IN,46207,118,147.5,Radcliffe,Rubinovitsch,rrubinovitschqg@boston.com,(805) 6834817,CA,2021-04-15,2021-04-19,531.0
Mimi,Torri,etorriv@yelp.com,(317) 7683712,29 Mosinee Avenue,Indianapolis,IN,46207,118,147.5,Donny,Brissard,dbrissardcz@twitpic.com,(804) 4469927,VA,2021-11-23,2021-11-29,767.0
Mimi,Torri,etorriv@yelp.com,(317) 7683712,29 Mosinee Avenue,Indianapolis,IN,46207,118,147.5,Freddy,Cheshir,fcheshir5l@cnn.com,(219) 5747654,IN,2021-10-23,2021-10-28,619.5
Deon,Cantle,zcantlex@nymag.com,(860) 9145827,4804 Corry Street,Hartford,CT,06120,367,458.75,Mel,Ritter,mritter2i@irs.gov,(360) 9425869,WA,2021-12-12,2021-12-16,1468
Deon,Cantle,zcantlex@nymag.com,(860) 9145827,4804 Corry Street,Hartford,CT,06120,367,458.75,Shirlene,Doulton,sdoultonqj@meetup.com,(918) 9711889,OK,2021-05-13,2021-05-19,2385.50
Deon,Cantle,zcantlex@nymag.com,(860) 9145827,4804 Corry Street,Hartford,CT,06120,367,458.75,Lynn,Dowker,ldowker83@gmpg.org,(801) 8641482,UT,2021-12-26,2022-01-01,2293.75
Deon,Cantle,zcantlex@nymag.com,(860) 9145827,4804 Corry Street,Hartford,CT,06120,367,458.75,Cord,Side,csidehd@nydailynews.com,(920) 2969092,WI,2021-04-02,2021-04-08,2385.50
Deon,Cantle,zcantlex@nymag.com,(860) 9145827,4804 Corry Street,Hartford,CT,06120,367,458.75,Madelene,Digg,mdiggob@hexun.com,(772) 7083826,FL,2021-11-09,2021-11-16,2752.50
Deon,Cantle,zcantlex@nymag.com,(860) 9145827,4804 Corry Street,Hartford,CT,06120,367,458.75,Rebecka,Neilus,rneilusbf@wired.com,(202) 7638115,DC,2021-09-20,2021-09-24,1468
Deon,Cantle,zcantlex@nymag.com,(860) 9145827,4804 Corry Street,Hartford,CT,06120,367,458.75,Tawsha,Rudinger,trudingerpx@1688.com,(989) 3882376,MI,2021-09-06,2021-09-08,734
Deon,Cantle,zcantlex@nymag.com,(860) 9145827,4804 Corry Street,Hartford,CT,06120,367,458.75,Ezequiel,Cayford,ecayfordkm@vimeo.com,(203) 6765441,CT,2021-04-11,2021-04-15,1468
Deon,Cantle,zcantlex@nymag.com,(860) 9145827,4804 Corry Street,Hartford,CT,06120,367,458.75,Opaline,Luety,oluetyq4@cdbaby.com,(215) 5718049,PA,2021-06-02,2021-06-07,2018.50
Deon,Cantle,zcantlex@nymag.com,(860) 9145827,4804 Corry Street,Hartford,CT,06120,367,458.75,Ed,Purshouse,epurshouser2@odnoklassniki.ru,(314) 9614112,MO,2021-09-03,2021-09-06,1284.50
Harland,Hollingsbee,lhollingsbeey@home.pl,(325) 9233596,6 Schlimgen Place,Abilene,TX,79699,152,190,Shawnee,Peete,speeteay@archive.org,(315) 5889778,NY,2021-10-16,2021-10-17,190
Harland,Hollingsbee,lhollingsbeey@home.pl,(325) 9233596,6 Schlimgen Place,Abilene,TX,79699,152,190,Lesley,Heymes,lheymeseq@smh.com.au,(952) 2535174,MN,2021-10-27,2021-11-01,836
Harland,Hollingsbee,lhollingsbeey@home.pl,(325) 9233596,6 Schlimgen Place,Abilene,TX,79699,152,190,Kirbie,Leng,klengj7@jalbum.net,(626) 8915626,CA,2021-12-06,2021-12-07,152
Harland,Hollingsbee,lhollingsbeey@home.pl,(325) 9233596,6 Schlimgen Place,Abilene,TX,79699,152,190,Dina,Kiraly,dkiralygt@csmonitor.com,(910) 2294292,NC,2021-09-08,2021-09-10,304
Harland,Hollingsbee,lhollingsbeey@home.pl,(325) 9233596,6 Schlimgen Place,Abilene,TX,79699,152,190,Muire,Armsby,marmsbycu@theglobeandmail.com,(205) 3283668,AL,2022-01-07,2022-01-09,380
Harland,Hollingsbee,lhollingsbeey@home.pl,(325) 9233596,6 Schlimgen Place,Abilene,TX,79699,152,190,Royal,Ciciotti,rciciottidg@admin.ch,(502) 4196874,KY,2022-02-20,2022-02-25,760
Harland,Hollingsbee,lhollingsbeey@home.pl,(325) 9233596,6 Schlimgen Place,Abilene,TX,79699,152,190,Bar,Evens,bevensgr@shinystat.com,(203) 5541963,CT,2021-05-08,2021-05-15,1140
Harland,Hollingsbee,lhollingsbeey@home.pl,(325) 9233596,6 Schlimgen Place,Abilene,TX,79699,152,190,Harry,Di Maggio,hdimaggio5a@hp.com,(847) 6718414,IL,2021-07-25,2021-07-29,608
Harland,Hollingsbee,lhollingsbeey@home.pl,(325) 9233596,6 Schlimgen Place,Abilene,TX,79699,152,190,Winslow,Ransfield,wransfieldd5@wix.com,(571) 8447431,VA,2022-01-19,2022-01-21,304
Harland,Hollingsbee,lhollingsbeey@home.pl,(325) 9233596,6 Schlimgen Place,Abilene,TX,79699,152,190,Freddie,Borrell,fborrellf8@google.fr,(850) 7133425,FL,2021-08-09,2021-08-10,152
Osvaldo,McLurg,nmclurg1s@umn.edu,(909) 6821531,8542 Commercial Point,Riverside,CA,92505,409,511.25,Gilbert,Ruprich,gruprichng@indiegogo.com,(303) 9124790,CO,2022-02-11,2022-02-13,1022.50
Osvaldo,McLurg,nmclurg1s@umn.edu,(909) 6821531,8542 Commercial Point,Riverside,CA,92505,409,511.25,Ludvig,Divver,ldivver2g@nyu.edu,(419) 7210898,OH,2021-11-18,2021-11-22,1840.50
Osvaldo,McLurg,nmclurg1s@umn.edu,(909) 6821531,8542 Commercial Point,Riverside,CA,92505,409,511.25,Natal,Giacomozzo,ngiacomozzona@phpbb.com,(915) 3754178,TX,2022-01-08,2022-01-13,2147.25
Osvaldo,McLurg,nmclurg1s@umn.edu,(909) 6821531,8542 Commercial Point,Riverside,CA,92505,409,511.25,Gerri,Hovel,ghovel1z@imdb.com,(702) 3007870,NV,2021-03-27,2021-03-30,1329.25
Osvaldo,McLurg,nmclurg1s@umn.edu,(909) 6821531,8542 Commercial Point,Riverside,CA,92505,409,511.25,Nestor,Gimblett,ngimblettrh@delicious.com,(561) 5282454,FL,2021-05-30,2021-06-04,2045
Osvaldo,McLurg,nmclurg1s@umn.edu,(909) 6821531,8542 Commercial Point,Riverside,CA,92505,409,511.25,Rodrique,Arnau,rarnauho@miitbeian.gov.cn,(515) 7348674,IA,2021-05-12,2021-05-16,1840.50
Osvaldo,McLurg,nmclurg1s@umn.edu,(909) 6821531,8542 Commercial Point,Riverside,CA,92505,409,511.25,Benetta,Whitehair,bwhitehairat@istockphoto.com,(720) 1609685,CO,2022-02-16,2022-02-21,2249.50
Osvaldo,McLurg,nmclurg1s@umn.edu,(909) 6821531,8542 Commercial Point,Riverside,CA,92505,409,511.25,Lewes,Frank,lfrank6e@wp.com,(512) 6100718,TX,2021-08-15,2021-08-17,818
Osvaldo,McLurg,nmclurg1s@umn.edu,(909) 6821531,8542 Commercial Point,Riverside,CA,92505,409,511.25,Zita,McOrkil,zmcorkilc3@china.com.cn,(414) 4397982,WI,2021-12-08,2021-12-12,1840.50
Osvaldo,McLurg,nmclurg1s@umn.edu,(909) 6821531,8542 Commercial Point,Riverside,CA,92505,409,511.25,Silvio,MacAndie,smacandie6t@tinypic.com,(404) 1636273,GA,2021-04-02,2021-04-03,511.25
Osvaldo,McLurg,nmclurg1s@umn.edu,(909) 6821531,8542 Commercial Point,Riverside,CA,92505,409,511.25,Kellby,Houndson,khoundson2f@fc2.com,(302) 4907684,DE,2021-05-17,2021-05-21,1636
Osvaldo,McLurg,nmclurg1s@umn.edu,(909) 6821531,8542 Commercial Point,Riverside,CA,92505,409,511.25,Chalmers,Riddel,criddelne@parallels.com,(415) 9912449,CA,2021-11-05,2021-11-09,1840.50
Osvaldo,McLurg,nmclurg1s@umn.edu,(909) 6821531,8542 Commercial Point,Riverside,CA,92505,409,511.25,Eda,Dolbey,edolbey5r@pcworld.com,(714) 1892836,CA,2021-12-16,2021-12-20,1840.50
Matt,Wort,cwort1t@yelp.com,(317) 4537567,1916 Oneill Road,Indianapolis,IN,46247,199,248.75,Ara,McNamee,amcnameeq9@fotki.com,(570) 6674439,PA,2022-01-17,2022-01-20,597
Matt,Wort,cwort1t@yelp.com,(317) 4537567,1916 Oneill Road,Indianapolis,IN,46247,199,248.75,Elsinore,Roarty,eroarty9l@prlog.org,(405) 2282194,OK,2021-06-22,2021-06-29,1492.50
Matt,Wort,cwort1t@yelp.com,(317) 4537567,1916 Oneill Road,Indianapolis,IN,46247,199,248.75,Almeda,St. Aubyn,astaubynnd@tiny.cc,(309) 3609863,IL,2022-03-16,2022-03-17,199
Matt,Wort,cwort1t@yelp.com,(317) 4537567,1916 Oneill Road,Indianapolis,IN,46247,199,248.75,Bidget,Mingauld,bmingauldl5@wikimedia.org,(812) 4521827,IN,2021-10-08,2021-10-14,1293.50
Matt,Wort,cwort1t@yelp.com,(317) 4537567,1916 Oneill Road,Indianapolis,IN,46247,199,248.75,Herschel,Flanaghan,hflanaghanmn@businessweek.com,(205) 2077432,AL,2022-02-17,2022-02-18,199
Matt,Wort,cwort1t@yelp.com,(317) 4537567,1916 Oneill Road,Indianapolis,IN,46247,199,248.75,Aline,Wigin,awiginnl@myspace.com,(850) 4205281,FL,2022-01-20,2022-01-22,447.75
Matt,Wort,cwort1t@yelp.com,(317) 4537567,1916 Oneill Road,Indianapolis,IN,46247,199,248.75,Scottie,Davenhill,sdavenhill2q@sakura.ne.jp,(518) 4957037,NY,2021-10-30,2021-11-05,1243.75
Matt,Wort,cwort1t@yelp.com,(317) 4537567,1916 Oneill Road,Indianapolis,IN,46247,199,248.75,Art,Blance,ablancejn@linkedin.com,(858) 4671217,CA,2021-11-22,2021-11-28,1293.50
Matt,Wort,cwort1t@yelp.com,(317) 4537567,1916 Oneill Road,Indianapolis,IN,46247,199,248.75,Freddie,Borrell,fborrellf8@google.fr,(850) 7133425,FL,2021-06-15,2021-06-21,1293.50
Matt,Wort,cwort1t@yelp.com,(317) 4537567,1916 Oneill Road,Indianapolis,IN,46247,199,248.75,Colman,Mecozzi,cmecozzi2k@marriott.com,(614) 5988150,OH,2021-05-27,2021-05-29,447.75
Matt,Wort,cwort1t@yelp.com,(317) 4537567,1916 Oneill Road,Indianapolis,IN,46247,199,248.75,Saleem,Jaszczak,sjaszczakaf@cbc.ca,(805) 4879587,CA,2021-11-29,2021-12-06,1492.50
Matt,Wort,cwort1t@yelp.com,(317) 4537567,1916 Oneill Road,Indianapolis,IN,46247,199,248.75,Zarla,Aleksashin,zaleksashinfe@cargocollective.com,(215) 6214986,PA,2022-03-18,2022-03-19,248.75
Matt,Wort,cwort1t@yelp.com,(317) 4537567,1916 Oneill Road,Indianapolis,IN,46247,199,248.75,Emalia,Lucian,eluciani4@pbs.org,(217) 3164720,IL,2021-12-30,2022-01-01,447.75
Matt,Wort,cwort1t@yelp.com,(317) 4537567,1916 Oneill Road,Indianapolis,IN,46247,199,248.75,Sullivan,Lomas,slomas0@mediafire.com,(702) 7768761,NV,2021-05-01,2021-05-05,845.75
Matt,Wort,cwort1t@yelp.com,(317) 4537567,1916 Oneill Road,Indianapolis,IN,46247,199,248.75,Wilburt,Sweetenham,wsweetenhammb@storify.com,(610) 2207446,PA,2021-09-24,2021-09-25,248.75
Rosella,MacTimpany,cmactimpany1u@ebay.com,(203) 7237610,34059 Randy Parkway,Fairfield,CT,06825,476,595,Ramon,Pardoe,rpardoeqo@pcworld.com,(314) 5185090,MO,2021-03-29,2021-03-30,476
Rosella,MacTimpany,cmactimpany1u@ebay.com,(203) 7237610,34059 Randy Parkway,Fairfield,CT,06825,476,595,Shirlene,Doulton,sdoultonqj@meetup.com,(918) 9711889,OK,2021-04-07,2021-04-10,1547
Rosella,MacTimpany,cmactimpany1u@ebay.com,(203) 7237610,34059 Randy Parkway,Fairfield,CT,06825,476,595,Sheelagh,Urpeth,surpetha0@un.org,(706) 4719692,GA,2021-12-12,2021-12-13,476
Rosella,MacTimpany,cmactimpany1u@ebay.com,(203) 7237610,34059 Randy Parkway,Fairfield,CT,06825,476,595,Cassy,Shrubsall,cshrubsall8j@vkontakte.ru,(218) 2816821,MN,2021-04-13,2021-04-16,1428
Rosella,MacTimpany,cmactimpany1u@ebay.com,(203) 7237610,34059 Randy Parkway,Fairfield,CT,06825,476,595,Lane,Atack,latackl7@hostgator.com,(818) 3160126,CA,2021-09-17,2021-09-20,1666
Rosella,MacTimpany,cmactimpany1u@ebay.com,(203) 7237610,34059 Randy Parkway,Fairfield,CT,06825,476,595,Elnora,Liepins,eliepins71@wordpress.org,(860) 6733791,CT,2021-11-11,2021-11-15,2142
Rosella,MacTimpany,cmactimpany1u@ebay.com,(203) 7237610,34059 Randy Parkway,Fairfield,CT,06825,476,595,Kizzee,McFadin,kmcfadineh@mac.com,(323) 8100630,CA,2021-08-06,2021-08-13,3570
Rosella,MacTimpany,cmactimpany1u@ebay.com,(203) 7237610,34059 Randy Parkway,Fairfield,CT,06825,476,595,Isahella,Grigorey,igrigoreyec@nyu.edu,(571) 3356120,VA,2021-12-19,2021-12-24,2380
Rosella,MacTimpany,cmactimpany1u@ebay.com,(203) 7237610,34059 Randy Parkway,Fairfield,CT,06825,476,595,Kevin,Merck,kmerck8d@mit.edu,(214) 4891884,TX,2021-03-30,2021-04-04,2618
Rosella,MacTimpany,cmactimpany1u@ebay.com,(203) 7237610,34059 Randy Parkway,Fairfield,CT,06825,476,595,Oriana,Stichel,ostichel47@chicagotribune.com,(615) 4064628,TN,2022-02-20,2022-02-27,3570
Rosella,MacTimpany,cmactimpany1u@ebay.com,(203) 7237610,34059 Randy Parkway,Fairfield,CT,06825,476,595,Marika,Cockcroft,mcockcroftg5@biblegateway.com,(202) 3785056,DC,2021-07-06,2021-07-13,3570
Rosella,MacTimpany,cmactimpany1u@ebay.com,(203) 7237610,34059 Randy Parkway,Fairfield,CT,06825,476,595,Elias,Giannazzo,egiannazzojw@odnoklassniki.ru,(704) 3923778,NC,2022-01-12,2022-01-18,3094
Rosella,MacTimpany,cmactimpany1u@ebay.com,(203) 7237610,34059 Randy Parkway,Fairfield,CT,06825,476,595,Udell,D' Angelo,udangelop7@w3.org,(309) 5110455,IL,2022-03-15,2022-03-19,2023
Rosella,MacTimpany,cmactimpany1u@ebay.com,(203) 7237610,34059 Randy Parkway,Fairfield,CT,06825,476,595,Fin,Wooffinden,fwooffindenct@flavors.me,(614) 1865886,OH,2022-02-11,2022-02-16,2618
Rosella,MacTimpany,cmactimpany1u@ebay.com,(203) 7237610,34059 Randy Parkway,Fairfield,CT,06825,476,595,Merrel,Forstall,mforstallap@china.com.cn,(812) 1969838,IN,2021-03-25,2021-03-27,1071
Rosella,MacTimpany,cmactimpany1u@ebay.com,(203) 7237610,34059 Randy Parkway,Fairfield,CT,06825,476,595,Hestia,Frankham,hfrankham3e@squidoo.com,(541) 5593982,OR,2021-06-15,2021-06-19,2023
Rosella,MacTimpany,cmactimpany1u@ebay.com,(203) 7237610,34059 Randy Parkway,Fairfield,CT,06825,476,595,Clay,Dacombe,cdacombefv@irs.gov,(347) 2765424,NY,2021-05-01,2021-05-05,2023
Santiago,McGreary,smcgreary20@upenn.edu,(513) 1248143,8 Orin Street,Cincinnati,OH,45264,172,215,Sadella,Armsden,sarmsdeno6@china.com.cn,(859) 6078611,KY,2022-03-05,2022-03-07,387
Santiago,McGreary,smcgreary20@upenn.edu,(513) 1248143,8 Orin Street,Cincinnati,OH,45264,172,215,Brinna,Braunds,bbraundsq0@bizjournals.com,(202) 9236932,DC,2021-11-04,2021-11-07,602
Santiago,McGreary,smcgreary20@upenn.edu,(513) 1248143,8 Orin Street,Cincinnati,OH,45264,172,215,Reuben,Pasticznyk,rpasticznyk6z@nih.gov,(917) 9999441,NY,2021-09-18,2021-09-22,731
Santiago,McGreary,smcgreary20@upenn.edu,(513) 1248143,8 Orin Street,Cincinnati,OH,45264,172,215,Fidel,Luetchford,fluetchford4w@archive.org,(318) 9158735,LA,2021-10-20,2021-10-27,1290
Santiago,McGreary,smcgreary20@upenn.edu,(513) 1248143,8 Orin Street,Cincinnati,OH,45264,172,215,Ransom,Freathy,rfreathy63@typepad.com,(605) 8558512,SD,2021-07-07,2021-07-10,559
Santiago,McGreary,smcgreary20@upenn.edu,(513) 1248143,8 Orin Street,Cincinnati,OH,45264,172,215,Jordain,Lavallin,jlavallin7g@opensource.org,(405) 8411950,OK,2022-01-23,2022-01-27,688
Santiago,McGreary,smcgreary20@upenn.edu,(513) 1248143,8 Orin Street,Cincinnati,OH,45264,172,215,Fernando,Fielding,ffielding4u@ftc.gov,(202) 2856540,DC,2022-02-17,2022-02-18,172
Santiago,McGreary,smcgreary20@upenn.edu,(513) 1248143,8 Orin Street,Cincinnati,OH,45264,172,215,Westleigh,Simenet,wsimenetfb@dion.ne.jp,(860) 4703972,CT,2021-12-07,2021-12-08,172
Santiago,McGreary,smcgreary20@upenn.edu,(513) 1248143,8 Orin Street,Cincinnati,OH,45264,172,215,Laney,Sherme,lsherme3p@drupal.org,(240) 2703985,MD,2021-06-03,2021-06-05,387
Santiago,McGreary,smcgreary20@upenn.edu,(513) 1248143,8 Orin Street,Cincinnati,OH,45264,172,215,Westleigh,Simenet,wsimenetfb@dion.ne.jp,(860) 4703972,CT,2021-11-28,2021-12-04,1075
Santiago,McGreary,smcgreary20@upenn.edu,(513) 1248143,8 Orin Street,Cincinnati,OH,45264,172,215,Westleigh,Simenet,wsimenetfb@dion.ne.jp,(860) 4703972,CT,2021-11-19,2021-11-26,1290
Santiago,McGreary,smcgreary20@upenn.edu,(513) 1248143,8 Orin Street,Cincinnati,OH,45264,172,215,Penelopa,Chambers,pchambersa2@prlog.org,(770) 9753653,GA,2021-06-13,2021-06-17,688
Santiago,McGreary,smcgreary20@upenn.edu,(513) 1248143,8 Orin Street,Cincinnati,OH,45264,172,215,Sunny,Rattenberie,srattenberiepa@bigcartel.com,(704) 8700657,NC,2022-02-21,2022-02-24,516
Tamekia,Queyeiro,equeyeiro2n@seattletimes.com,(571) 3708747,87127 Linden Plaza,Arlington,VA,22217,283,353.75,Dana,Khoter,dkhoter7j@chronoengine.com,(417) 7086097,MO,2021-04-15,2021-04-19,1273.50
Tamekia,Queyeiro,equeyeiro2n@seattletimes.com,(571) 3708747,87127 Linden Plaza,Arlington,VA,22217,283,353.75,Mari,Milham,mmilhampp@usatoday.com,(518) 9967730,NY,2021-03-29,2021-04-03,1485.75
Tamekia,Queyeiro,equeyeiro2n@seattletimes.com,(571) 3708747,87127 Linden Plaza,Arlington,VA,22217,283,353.75,Nydia,Chicchelli,nchicchelli4b@51.la,(360) 7916328,WA,2021-06-23,2021-06-27,1273.50
Tamekia,Queyeiro,equeyeiro2n@seattletimes.com,(571) 3708747,87127 Linden Plaza,Arlington,VA,22217,283,353.75,Gilbert,Ruprich,gruprichng@indiegogo.com,(303) 9124790,CO,2021-07-05,2021-07-12,2122.50
Tamekia,Queyeiro,equeyeiro2n@seattletimes.com,(571) 3708747,87127 Linden Plaza,Arlington,VA,22217,283,353.75,Madeline,MacKey,mmackeygp@ameblo.jp,(801) 5453299,UT,2021-08-28,2021-09-01,1202.75
Tamekia,Queyeiro,equeyeiro2n@seattletimes.com,(571) 3708747,87127 Linden Plaza,Arlington,VA,22217,283,353.75,Jarred,Cristofolini,jcristofolinib2@netvibes.com,(231) 2652105,MI,2021-09-30,2021-10-06,1839.50
Tamekia,Queyeiro,equeyeiro2n@seattletimes.com,(571) 3708747,87127 Linden Plaza,Arlington,VA,22217,283,353.75,Leia,Warland,lwarlandm@booking.com,(651) 2725236,MN,2021-09-07,2021-09-13,1839.50
Tamekia,Queyeiro,equeyeiro2n@seattletimes.com,(571) 3708747,87127 Linden Plaza,Arlington,VA,22217,283,353.75,Say,Repper,srepperch@abc.net.au,(765) 5324539,IN,2022-01-15,2022-01-20,1485.75
Tamekia,Queyeiro,equeyeiro2n@seattletimes.com,(571) 3708747,87127 Linden Plaza,Arlington,VA,22217,283,353.75,Lonny,Afonso,lafonsobd@discuz.net,(402) 2609934,NE,2021-10-06,2021-10-13,2122.50
Tamekia,Queyeiro,equeyeiro2n@seattletimes.com,(571) 3708747,87127 Linden Plaza,Arlington,VA,22217,283,353.75,Felipe,Harriday,fharridaylp@ox.ac.uk,(562) 5271231,CA,2022-01-09,2022-01-15,1768.75
Tamekia,Queyeiro,equeyeiro2n@seattletimes.com,(571) 3708747,87127 Linden Plaza,Arlington,VA,22217,283,353.75,Ingelbert,D'Alessio,idalessiod9@reddit.com,(404) 4311791,GA,2021-10-27,2021-10-31,1273.50
Tamekia,Queyeiro,equeyeiro2n@seattletimes.com,(571) 3708747,87127 Linden Plaza,Arlington,VA,22217,283,353.75,Marlin,Portt,mporttfi@vkontakte.ru,(858) 2777937,CA,2022-03-02,2022-03-06,1273.50
Tamekia,Queyeiro,equeyeiro2n@seattletimes.com,(571) 3708747,87127 Linden Plaza,Arlington,VA,22217,283,353.75,Bamby,Kinchley,bkinchleyci@oaic.gov.au,(765) 2257536,IN,2022-02-10,2022-02-13,990.50
Tamekia,Queyeiro,equeyeiro2n@seattletimes.com,(571) 3708747,87127 Linden Plaza,Arlington,VA,22217,283,353.75,Jillie,Lamberti,jlambertipq@phoca.cz,(619) 4220585,CA,2021-06-08,2021-06-13,1556.50
Tamekia,Queyeiro,equeyeiro2n@seattletimes.com,(571) 3708747,87127 Linden Plaza,Arlington,VA,22217,283,353.75,Ann,Chazotte,achazotte8l@hexun.com,(713) 7398443,TX,2021-04-04,2021-04-05,283
Tamekia,Queyeiro,equeyeiro2n@seattletimes.com,(571) 3708747,87127 Linden Plaza,Arlington,VA,22217,283,353.75,Eyde,Herche,ehercheno@php.net,(989) 2027937,MI,2021-11-11,2021-11-12,283
Tamekia,Queyeiro,equeyeiro2n@seattletimes.com,(571) 3708747,87127 Linden Plaza,Arlington,VA,22217,283,353.75,Margarette,Sherbourne,msherbourne5f@tinyurl.com,(304) 8866889,WV,2021-08-12,2021-08-13,283
Jc,Such,jsuch3x@unblog.fr,(973) 6830651,64 Red Cloud Street,Paterson,NJ,07522,192,240,Winslow,Stamps,wstampsoy@sciencedirect.com,(254) 8814006,TX,2021-11-25,2021-12-02,1440
Jc,Such,jsuch3x@unblog.fr,(973) 6830651,64 Red Cloud Street,Paterson,NJ,07522,192,240,Bobbye,MacFarlan,bmacfarlanps@devhub.com,(612) 2865792,MN,2021-07-07,2021-07-11,864
Jc,Such,jsuch3x@unblog.fr,(973) 6830651,64 Red Cloud Street,Paterson,NJ,07522,192,240,Adan,Gower,agower84@google.co.jp,(336) 4405748,NC,2021-11-19,2021-11-21,480
Jc,Such,jsuch3x@unblog.fr,(973) 6830651,64 Red Cloud Street,Paterson,NJ,07522,192,240,Renie,Hathwood,rhathwood40@cam.ac.uk,(954) 2371133,FL,2021-08-28,2021-09-02,1008
Jc,Such,jsuch3x@unblog.fr,(973) 6830651,64 Red Cloud Street,Paterson,NJ,07522,192,240,Chandra,Iverson,civerson2o@cisco.com,(407) 8232861,FL,2022-01-15,2022-01-16,240
Jc,Such,jsuch3x@unblog.fr,(973) 6830651,64 Red Cloud Street,Paterson,NJ,07522,192,240,Rayna,Scotchmore,rscotchmorer7@networksolutions.com,(616) 5144907,MI,2021-10-09,2021-10-15,1200
Jc,Such,jsuch3x@unblog.fr,(973) 6830651,64 Red Cloud Street,Paterson,NJ,07522,192,240,Clementius,Gariff,cgarifffs@google.ru,(786) 9338499,FL,2021-06-24,2021-06-29,1056
Jc,Such,jsuch3x@unblog.fr,(973) 6830651,64 Red Cloud Street,Paterson,NJ,07522,192,240,Brianna,Tookey,btookey44@narod.ru,(812) 3006327,IN,2021-09-17,2021-09-19,480
Jc,Such,jsuch3x@unblog.fr,(973) 6830651,64 Red Cloud Street,Paterson,NJ,07522,192,240,Cortney,Binyon,cbinyonl@angelfire.com,(915) 6957192,TX,2022-01-29,2022-01-31,432
Jc,Such,jsuch3x@unblog.fr,(973) 6830651,64 Red Cloud Street,Paterson,NJ,07522,192,240,Katrina,Ashdown,kashdownii@angelfire.com,(864) 1810424,SC,2021-05-28,2021-05-29,240
Jc,Such,jsuch3x@unblog.fr,(973) 6830651,64 Red Cloud Street,Paterson,NJ,07522,192,240,Melisent,Eaton,meaton7c@gov.uk,(330) 9451212,OH,2021-08-03,2021-08-08,1056
Jc,Such,jsuch3x@unblog.fr,(973) 6830651,64 Red Cloud Street,Paterson,NJ,07522,192,240,Jarred,Nuttey,jnuttey9a@topsy.com,(724) 2266899,PA,2021-10-28,2021-10-29,192
Jc,Such,jsuch3x@unblog.fr,(973) 6830651,64 Red Cloud Street,Paterson,NJ,07522,192,240,Cord,Side,csidehd@nydailynews.com,(920) 2969092,WI,2021-04-08,2021-04-14,1248
Jc,Such,jsuch3x@unblog.fr,(973) 6830651,64 Red Cloud Street,Paterson,NJ,07522,192,240,Alejandrina,Szymanek,aszymaneks@skyrock.com,(330) 2773273,OH,2022-01-19,2022-01-25,1248
Carolee,Urrey,currey83@cloudflare.com,(912) 7689171,8383 Center Avenue,Savannah,GA,31405,101,126.25,Cullie,Hazart,chazartfo@g.co,(225) 9411167,LA,2021-07-26,2021-07-29,303
Carolee,Urrey,currey83@cloudflare.com,(912) 7689171,8383 Center Avenue,Savannah,GA,31405,101,126.25,Clint,Glozman,cglozmanfw@lycos.com,(513) 8874537,OH,2021-05-11,2021-05-17,656.50
Carolee,Urrey,currey83@cloudflare.com,(912) 7689171,8383 Center Avenue,Savannah,GA,31405,101,126.25,Bobbye,MacFarlan,bmacfarlanps@devhub.com,(612) 2865792,MN,2022-02-22,2022-02-27,555.50
Carolee,Urrey,currey83@cloudflare.com,(912) 7689171,8383 Center Avenue,Savannah,GA,31405,101,126.25,Caressa,Michin,cmichinqk@house.gov,(813) 2787020,FL,2021-12-30,2022-01-06,757.50
Carolee,Urrey,currey83@cloudflare.com,(912) 7689171,8383 Center Avenue,Savannah,GA,31405,101,126.25,Jobyna,Moncaster,jmoncaster3z@ask.com,(304) 2806460,WV,2021-04-11,2021-04-16,505
Carolee,Urrey,currey83@cloudflare.com,(912) 7689171,8383 Center Avenue,Savannah,GA,31405,101,126.25,Seline,Verillo,sverilloos@51.la,(408) 8173863,CA,2021-06-25,2021-06-30,555.50
Carolee,Urrey,currey83@cloudflare.com,(912) 7689171,8383 Center Avenue,Savannah,GA,31405,101,126.25,Barbee,Hamner,bhamnerjq@ihg.com,(626) 6660153,CA,2021-12-27,2021-12-28,101
Carolee,Urrey,currey83@cloudflare.com,(912) 7689171,8383 Center Avenue,Savannah,GA,31405,101,126.25,Jere,Sorensen,jsorensenrq@mtv.com,(360) 8682028,WA,2021-10-11,2021-10-12,101
Carolee,Urrey,currey83@cloudflare.com,(912) 7689171,8383 Center Avenue,Savannah,GA,31405,101,126.25,Benetta,Whitehair,bwhitehairat@istockphoto.com,(720) 1609685,CO,2021-04-30,2021-05-03,353.50
Carolee,Urrey,currey83@cloudflare.com,(912) 7689171,8383 Center Avenue,Savannah,GA,31405,101,126.25,Mahmud,McKelvie,mmckelviekl@ocn.ne.jp,(616) 5246974,MI,2021-06-05,2021-06-08,328.25
Carolee,Urrey,currey83@cloudflare.com,(912) 7689171,8383 Center Avenue,Savannah,GA,31405,101,126.25,Yalonda,Thome,ythome4s@vkontakte.ru,(706) 7071139,GA,2021-12-20,2021-12-25,530.25
Myron,Dallimare,mdallimare91@eepurl.com,(619) 9125779,1 Cordelia Hill,San Diego,CA,92176,479,598.75,Clim,Bedham,cbedhamqn@sohu.com,(501) 6223615,AR,2021-12-23,2021-12-30,3592.50
Myron,Dallimare,mdallimare91@eepurl.com,(619) 9125779,1 Cordelia Hill,San Diego,CA,92176,479,598.75,Em,World,eworld6c@sohu.com,(561) 6700092,FL,2021-07-20,2021-07-22,958
Myron,Dallimare,mdallimare91@eepurl.com,(619) 9125779,1 Cordelia Hill,San Diego,CA,92176,479,598.75,Currie,Tooke,ctooke3a@china.com.cn,(952) 1990342,MN,2022-01-03,2022-01-09,3113.50
Myron,Dallimare,mdallimare91@eepurl.com,(619) 9125779,1 Cordelia Hill,San Diego,CA,92176,479,598.75,Udell,D' Angelo,udangelop7@w3.org,(309) 5110455,IL,2021-12-13,2021-12-17,1916
Myron,Dallimare,mdallimare91@eepurl.com,(619) 9125779,1 Cordelia Hill,San Diego,CA,92176,479,598.75,Syman,Whawell,swhawell66@howstuffworks.com,(701) 6900232,ND,2021-05-19,2021-05-25,3113.50
Myron,Dallimare,mdallimare91@eepurl.com,(619) 9125779,1 Cordelia Hill,San Diego,CA,92176,479,598.75,Ortensia,Demko,odemko79@privacy.gov.au,(520) 2025272,AZ,2021-09-14,2021-09-18,2035.75
Myron,Dallimare,mdallimare91@eepurl.com,(619) 9125779,1 Cordelia Hill,San Diego,CA,92176,479,598.75,Iosep,McGlew,imcgleweu@bluehost.com,(254) 3703903,TX,2021-03-21,2021-03-25,1916
Myron,Dallimare,mdallimare91@eepurl.com,(619) 9125779,1 Cordelia Hill,San Diego,CA,92176,479,598.75,Lind,Djordjevic,ldjordjevic7v@independent.co.uk,(530) 2457618,CA,2021-07-24,2021-07-27,1556.75
Myron,Dallimare,mdallimare91@eepurl.com,(619) 9125779,1 Cordelia Hill,San Diego,CA,92176,479,598.75,Inge,Gout,igout5j@skype.com,(210) 6817663,TX,2021-10-07,2021-10-13,3113.50
Myron,Dallimare,mdallimare91@eepurl.com,(619) 9125779,1 Cordelia Hill,San Diego,CA,92176,479,598.75,Bink,Beatens,bbeatens5s@1und1.de,(203) 3471199,CT,2021-09-03,2021-09-04,598.75
Myron,Dallimare,mdallimare91@eepurl.com,(619) 9125779,1 Cordelia Hill,San Diego,CA,92176,479,598.75,Delia,Capey,dcapeyac@miitbeian.gov.cn,(325) 1160916,TX,2021-03-26,2021-03-27,598.75
Myron,Dallimare,mdallimare91@eepurl.com,(619) 9125779,1 Cordelia Hill,San Diego,CA,92176,479,598.75,Arie,Warstall,awarstallil@nasa.gov,(719) 4048931,CO,2021-04-12,2021-04-18,3113.50
Shelby,Kennaway,skennaway9v@quantcast.com,(240) 3658417,78157 Main Court,Bowie,MD,20719,132,165,Rebe,MacAlister,rmacalisterpr@sohu.com,(202) 4267475,DC,2021-05-20,2021-05-23,462
Shelby,Kennaway,skennaway9v@quantcast.com,(240) 3658417,78157 Main Court,Bowie,MD,20719,132,165,Thia,Dawson,tdawson95@cpanel.net,(510) 4496835,CA,2021-10-30,2021-11-02,429
Shelby,Kennaway,skennaway9v@quantcast.com,(240) 3658417,78157 Main Court,Bowie,MD,20719,132,165,Dalt,Brownhill,dbrownhillcr@narod.ru,(334) 3523276,AL,2021-03-27,2021-04-03,990
Shelby,Kennaway,skennaway9v@quantcast.com,(240) 3658417,78157 Main Court,Bowie,MD,20719,132,165,Wallis,Kuhl,wkuhlie@patch.com,(704) 3740857,NC,2021-09-20,2021-09-21,132
Shelby,Kennaway,skennaway9v@quantcast.com,(240) 3658417,78157 Main Court,Bowie,MD,20719,132,165,Loutitia,Provest,lprovestbh@reddit.com,(405) 8560581,OK,2022-03-03,2022-03-07,594
Shelby,Kennaway,skennaway9v@quantcast.com,(240) 3658417,78157 Main Court,Bowie,MD,20719,132,165,Giacopo,Plewman,gplewman74@myspace.com,(501) 7159153,AR,2021-03-19,2021-03-26,990
Shelby,Kennaway,skennaway9v@quantcast.com,(240) 3658417,78157 Main Court,Bowie,MD,20719,132,165,Delcina,Duligall,dduligallde@oaic.gov.au,(260) 5803043,IN,2021-06-15,2021-06-17,264
Shelby,Kennaway,skennaway9v@quantcast.com,(240) 3658417,78157 Main Court,Bowie,MD,20719,132,165,Kayle,Liversidge,kliversidgefq@technorati.com,(907) 7201263,AK,2021-04-05,2021-04-12,990
Shelby,Kennaway,skennaway9v@quantcast.com,(240) 3658417,78157 Main Court,Bowie,MD,20719,132,165,Jordain,Lavallin,jlavallin7g@opensource.org,(405) 8411950,OK,2021-05-10,2021-05-16,858
Shelby,Kennaway,skennaway9v@quantcast.com,(240) 3658417,78157 Main Court,Bowie,MD,20719,132,165,Phelia,MacPaik,pmacpaika5@addthis.com,(812) 3114066,IN,2021-06-25,2021-07-01,858
Shelby,Kennaway,skennaway9v@quantcast.com,(240) 3658417,78157 Main Court,Bowie,MD,20719,132,165,Rayna,Scotchmore,rscotchmorer7@networksolutions.com,(616) 5144907,MI,2021-07-17,2021-07-22,693
Colin,Sabie,rsabie9w@trellian.com,(317) 9110197,41602 Pierstorff Plaza,Indianapolis,IN,46207,78,97.5,Ara,McNamee,amcnameeq9@fotki.com,(570) 6674439,PA,2021-04-13,2021-04-16,234
Colin,Sabie,rsabie9w@trellian.com,(317) 9110197,41602 Pierstorff Plaza,Indianapolis,IN,46207,78,97.5,Lynn,Dowker,ldowker83@gmpg.org,(801) 8641482,UT,2022-03-04,2022-03-06,195.0
Colin,Sabie,rsabie9w@trellian.com,(317) 9110197,41602 Pierstorff Plaza,Indianapolis,IN,46207,78,97.5,Georgina,Praten,gpraten17@rediff.com,(901) 1754410,TN,2021-11-18,2021-11-24,507.0
Colin,Sabie,rsabie9w@trellian.com,(317) 9110197,41602 Pierstorff Plaza,Indianapolis,IN,46207,78,97.5,Nessie,Gommes,ngommeslk@pinterest.com,(214) 8139300,TX,2021-07-21,2021-07-25,351.0
Colin,Sabie,rsabie9w@trellian.com,(317) 9110197,41602 Pierstorff Plaza,Indianapolis,IN,46207,78,97.5,Licha,Topham,ltopham6x@ft.com,(503) 3186595,OR,2021-07-08,2021-07-09,78
Colin,Sabie,rsabie9w@trellian.com,(317) 9110197,41602 Pierstorff Plaza,Indianapolis,IN,46207,78,97.5,Christy,Spurden,cspurden7k@forbes.com,(785) 3733334,KS,2021-10-09,2021-10-13,331.5
Colin,Sabie,rsabie9w@trellian.com,(317) 9110197,41602 Pierstorff Plaza,Indianapolis,IN,46207,78,97.5,Ardene,Corking,acorking20@acquirethisname.com,(360) 2619356,WA,2022-01-21,2022-01-25,351.0
Colin,Sabie,rsabie9w@trellian.com,(317) 9110197,41602 Pierstorff Plaza,Indianapolis,IN,46207,78,97.5,Whitney,Corbitt,wcorbittof@latimes.com,(814) 2366662,PA,2021-09-01,2021-09-05,351.0
Colin,Sabie,rsabie9w@trellian.com,(317) 9110197,41602 Pierstorff Plaza,Indianapolis,IN,46207,78,97.5,Claudelle,Netting,cnetting4k@altervista.org,(404) 3521261,GA,2021-11-07,2021-11-14,585.0
Colin,Sabie,rsabie9w@trellian.com,(317) 9110197,41602 Pierstorff Plaza,Indianapolis,IN,46207,78,97.5,Waverly,Barthelemy,wbarthelemyk3@lycos.com,(614) 8574841,OH,2021-06-05,2021-06-10,409.5
Colin,Sabie,rsabie9w@trellian.com,(317) 9110197,41602 Pierstorff Plaza,Indianapolis,IN,46207,78,97.5,Stanislaw,Proudler,sproudler7e@cornell.edu,(817) 7821237,TX,2021-05-11,2021-05-14,234
Colin,Sabie,rsabie9w@trellian.com,(317) 9110197,41602 Pierstorff Plaza,Indianapolis,IN,46207,78,97.5,Tymothy,Fleming,tflemingem@nymag.com,(850) 2460951,FL,2022-01-31,2022-02-01,78
Colin,Sabie,rsabie9w@trellian.com,(317) 9110197,41602 Pierstorff Plaza,Indianapolis,IN,46207,78,97.5,Benjie,Walrond,bwalrond9z@51.la,(404) 4562294,GA,2021-12-10,2021-12-11,97.5
Colin,Sabie,rsabie9w@trellian.com,(317) 9110197,41602 Pierstorff Plaza,Indianapolis,IN,46207,78,97.5,Bess,Kilban,bkilbanp@google.com.hk,(314) 1826611,MO,2021-10-14,2021-10-20,507.0
Colin,Sabie,rsabie9w@trellian.com,(317) 9110197,41602 Pierstorff Plaza,Indianapolis,IN,46207,78,97.5,Meriel,Charville,mcharvillebx@booking.com,(210) 5242537,TX,2021-06-19,2021-06-24,409.5
Colin,Sabie,rsabie9w@trellian.com,(317) 9110197,41602 Pierstorff Plaza,Indianapolis,IN,46207,78,97.5,Addy,Redding,areddinglh@nsw.gov.au,(202) 6508898,DC,2021-12-21,2021-12-26,429.0
Colin,Sabie,rsabie9w@trellian.com,(317) 9110197,41602 Pierstorff Plaza,Indianapolis,IN,46207,78,97.5,Jacquenetta,Judgkins,jjudgkinsh@goo.gl,(802) 9364252,VT,2022-01-09,2022-01-11,156
Colin,Sabie,rsabie9w@trellian.com,(317) 9110197,41602 Pierstorff Plaza,Indianapolis,IN,46207,78,97.5,Cristiano,Loughhead,cloughheade8@creativecommons.org,(417) 1951671,MO,2021-07-12,2021-07-18,507.0
Kirby,Georghiou,sgeorghioua1@fema.gov,(941) 3179067,02157 Kipling Center,Sarasota,FL,34276,351,438.75,Tawsha,Rudinger,trudingerpx@1688.com,(989) 3882376,MI,2022-03-10,2022-03-14,1579.50
Kirby,Georghiou,sgeorghioua1@fema.gov,(941) 3179067,02157 Kipling Center,Sarasota,FL,34276,351,438.75,Ryley,Wong,rwongj@eventbrite.com,(414) 5700854,WI,2022-01-04,2022-01-10,2281.50
Kirby,Georghiou,sgeorghioua1@fema.gov,(941) 3179067,02157 Kipling Center,Sarasota,FL,34276,351,438.75,Marrissa,Sheirlaw,msheirlaw6q@ibm.com,(609) 5132634,NJ,2021-04-17,2021-04-22,1842.75
Kirby,Georghiou,sgeorghioua1@fema.gov,(941) 3179067,02157 Kipling Center,Sarasota,FL,34276,351,438.75,Perl,Getten,pgettenm7@wisc.edu,(507) 8660985,MN,2021-10-09,2021-10-12,1140.75
Kirby,Georghiou,sgeorghioua1@fema.gov,(941) 3179067,02157 Kipling Center,Sarasota,FL,34276,351,438.75,Bradly,Olner,bolnerny@amazon.co.jp,(702) 6972609,NV,2021-04-12,2021-04-15,1053
Kirby,Georghiou,sgeorghioua1@fema.gov,(941) 3179067,02157 Kipling Center,Sarasota,FL,34276,351,438.75,Loralee,Myring,lmyring3g@google.com,(626) 4784833,CA,2022-02-27,2022-02-28,351
Kirby,Georghiou,sgeorghioua1@fema.gov,(941) 3179067,02157 Kipling Center,Sarasota,FL,34276,351,438.75,Stefania,Acaster,sacastercs@spiegel.de,(714) 9879047,CA,2021-09-11,2021-09-17,2193.75
Kirby,Georghiou,sgeorghioua1@fema.gov,(941) 3179067,02157 Kipling Center,Sarasota,FL,34276,351,438.75,Penelopa,Chambers,pchambersa2@prlog.org,(770) 9753653,GA,2021-12-16,2021-12-18,789.75
Kirby,Georghiou,sgeorghioua1@fema.gov,(941) 3179067,02157 Kipling Center,Sarasota,FL,34276,351,438.75,Marie,De Blase,mdeblaseqi@biblegateway.com,(858) 3101018,CA,2021-09-19,2021-09-26,2632.50
Kirby,Georghiou,sgeorghioua1@fema.gov,(941) 3179067,02157 Kipling Center,Sarasota,FL,34276,351,438.75,Don,Cluely,dcluely8c@1und1.de,(205) 1335660,AL,2021-09-28,2021-10-01,1053
Kirby,Georghiou,sgeorghioua1@fema.gov,(941) 3179067,02157 Kipling Center,Sarasota,FL,34276,351,438.75,Jenifer,Lilbourne,jlilbourneef@umn.edu,(215) 4092622,PA,2021-05-17,2021-05-20,1053
Kirby,Georghiou,sgeorghioua1@fema.gov,(941) 3179067,02157 Kipling Center,Sarasota,FL,34276,351,438.75,Christalle,Measor,cmeasor3w@seesaa.net,(813) 4779856,FL,2021-11-23,2021-11-27,1491.75
Kirby,Georghiou,sgeorghioua1@fema.gov,(941) 3179067,02157 Kipling Center,Sarasota,FL,34276,351,438.75,Pattie,Dalinder,pdalinder8w@prlog.org,(772) 3267061,FL,2022-02-09,2022-02-15,2281.50
Kirby,Georghiou,sgeorghioua1@fema.gov,(941) 3179067,02157 Kipling Center,Sarasota,FL,34276,351,438.75,Yoshiko,Pafford,ypaffordjj@pen.io,(314) 8238457,MO,2021-11-08,2021-11-12,1404
Kirby,Georghiou,sgeorghioua1@fema.gov,(941) 3179067,02157 Kipling Center,Sarasota,FL,34276,351,438.75,Linn,Hollow,lhollowe3@google.co.uk,(952) 2509915,MN,2021-07-31,2021-08-03,1140.75
Kirby,Georghiou,sgeorghioua1@fema.gov,(941) 3179067,02157 Kipling Center,Sarasota,FL,34276,351,438.75,Batholomew,Edens,bedensn4@mac.com,(773) 4791038,IL,2021-08-19,2021-08-22,1228.50
Kirby,Georghiou,sgeorghioua1@fema.gov,(941) 3179067,02157 Kipling Center,Sarasota,FL,34276,351,438.75,Laurella,Yitzhak,lyitzhakx@engadget.com,(251) 5044242,AL,2021-08-22,2021-08-28,2193.75
Wilburn,Hannon,lhannonay@cyberchimps.com,(718) 2772222,434 Drewry Parkway,Brooklyn,NY,11210,388,485,Harley,Mounch,hmounchia@clickbank.net,(407) 6155876,FL,2021-04-05,2021-04-06,388
Wilburn,Hannon,lhannonay@cyberchimps.com,(718) 2772222,434 Drewry Parkway,Brooklyn,NY,11210,388,485,Vail,Hallett,vhallettp8@diigo.com,(402) 1527236,NE,2022-01-07,2022-01-08,485
Wilburn,Hannon,lhannonay@cyberchimps.com,(718) 2772222,434 Drewry Parkway,Brooklyn,NY,11210,388,485,Fawnia,Blezard,fblezardjk@joomla.org,(209) 8488077,CA,2022-02-13,2022-02-20,2910
Wilburn,Hannon,lhannonay@cyberchimps.com,(718) 2772222,434 Drewry Parkway,Brooklyn,NY,11210,388,485,Granny,MacAndreis,gmacandreisqa@hatena.ne.jp,(405) 8930566,OK,2021-12-03,2021-12-09,2522
Wilburn,Hannon,lhannonay@cyberchimps.com,(718) 2772222,434 Drewry Parkway,Brooklyn,NY,11210,388,485,Reuben,Pasticznyk,rpasticznyk6z@nih.gov,(917) 9999441,NY,2021-06-12,2021-06-16,1649
Wilburn,Hannon,lhannonay@cyberchimps.com,(718) 2772222,434 Drewry Parkway,Brooklyn,NY,11210,388,485,Rosy,Dewitt,rdewittr4@amazonaws.com,(806) 2340702,TX,2021-08-06,2021-08-07,485
Wilburn,Hannon,lhannonay@cyberchimps.com,(718) 2772222,434 Drewry Parkway,Brooklyn,NY,11210,388,485,Raimundo,Balharrie,rbalharrien8@bandcamp.com,(617) 5104799,MA,2022-02-03,2022-02-08,2134
Wilburn,Hannon,lhannonay@cyberchimps.com,(718) 2772222,434 Drewry Parkway,Brooklyn,NY,11210,388,485,Holt,Keggins,hkeggins3m@multiply.com,(405) 9268486,OK,2022-01-21,2022-01-23,970
Wilburn,Hannon,lhannonay@cyberchimps.com,(718) 2772222,434 Drewry Parkway,Brooklyn,NY,11210,388,485,Aline,Cocklin,acocklin1q@vimeo.com,(334) 5079034,AL,2021-09-25,2021-10-01,2425
Wilburn,Hannon,lhannonay@cyberchimps.com,(718) 2772222,434 Drewry Parkway,Brooklyn,NY,11210,388,485,Kaycee,Medland,kmedlandme@usa.gov,(513) 4646199,OH,2021-04-12,2021-04-15,1164
Wilburn,Hannon,lhannonay@cyberchimps.com,(718) 2772222,434 Drewry Parkway,Brooklyn,NY,11210,388,485,Clementius,Gariff,cgarifffs@google.ru,(786) 9338499,FL,2021-10-25,2021-10-31,2522
Benjamin,Whettleton,swhettletoncj@google.pl,(714) 4630038,1920 Valley Edge Park,Anaheim,CA,92805,156,195,Linn,Pepineaux,lpepineaux6s@redcross.org,(618) 6652843,IL,2021-11-13,2021-11-20,1170
Benjamin,Whettleton,swhettletoncj@google.pl,(714) 4630038,1920 Valley Edge Park,Anaheim,CA,92805,156,195,Mortimer,De Ferraris,mdeferrarisnt@myspace.com,(785) 3532181,KS,2021-04-19,2021-04-21,312
Benjamin,Whettleton,swhettletoncj@google.pl,(714) 4630038,1920 Valley Edge Park,Anaheim,CA,92805,156,195,Janaya,Ackermann,jackermann1o@umn.edu,(602) 5385544,AZ,2021-10-23,2021-10-29,975
Benjamin,Whettleton,swhettletoncj@google.pl,(714) 4630038,1920 Valley Edge Park,Anaheim,CA,92805,156,195,Phelia,MacPaik,pmacpaika5@addthis.com,(812) 3114066,IN,2022-01-02,2022-01-09,1170
Benjamin,Whettleton,swhettletoncj@google.pl,(714) 4630038,1920 Valley Edge Park,Anaheim,CA,92805,156,195,Jereme,Illwell,jillwellls@gravatar.com,(509) 4247224,WA,2021-09-01,2021-09-08,1170
Benjamin,Whettleton,swhettletoncj@google.pl,(714) 4630038,1920 Valley Edge Park,Anaheim,CA,92805,156,195,Mortimer,De Ferraris,mdeferrarisnt@myspace.com,(785) 3532181,KS,2021-07-20,2021-07-24,663
Benjamin,Whettleton,swhettletoncj@google.pl,(714) 4630038,1920 Valley Edge Park,Anaheim,CA,92805,156,195,Ofella,Colbert,ocolbert51@eepurl.com,(571) 8098330,VA,2021-05-19,2021-05-25,1014
Benjamin,Whettleton,swhettletoncj@google.pl,(714) 4630038,1920 Valley Edge Park,Anaheim,CA,92805,156,195,Winslow,Stamps,wstampsoy@sciencedirect.com,(254) 8814006,TX,2021-06-17,2021-06-20,546
Benjamin,Whettleton,swhettletoncj@google.pl,(714) 4630038,1920 Valley Edge Park,Anaheim,CA,92805,156,195,Bari,Mc Caghan,bmccaghan82@guardian.co.uk,(571) 8960051,VA,2021-08-02,2021-08-05,468
Benjamin,Whettleton,swhettletoncj@google.pl,(714) 4630038,1920 Valley Edge Park,Anaheim,CA,92805,156,195,Wilburt,Sweetenham,wsweetenhammb@storify.com,(610) 2207446,PA,2022-03-09,2022-03-16,1170
Benjamin,Whettleton,swhettletoncj@google.pl,(714) 4630038,1920 Valley Edge Park,Anaheim,CA,92805,156,195,Jorry,Clail,jclailkn@purevolume.com,(972) 5047899,TX,2022-02-11,2022-02-15,702
Benjamin,Whettleton,swhettletoncj@google.pl,(714) 4630038,1920 Valley Edge Park,Anaheim,CA,92805,156,195,Brant,Winscom,bwinscompd@blog.com,(862) 7989215,NJ,2022-03-18,2022-03-19,195
Benjamin,Whettleton,swhettletoncj@google.pl,(714) 4630038,1920 Valley Edge Park,Anaheim,CA,92805,156,195,Elden,Prene,eprene6y@devhub.com,(614) 4256266,OH,2022-01-26,2022-01-27,156
Benjamin,Whettleton,swhettletoncj@google.pl,(714) 4630038,1920 Valley Edge Park,Anaheim,CA,92805,156,195,Rubi,Waine,rwaine90@fema.gov,(951) 7552108,CA,2021-11-22,2021-11-29,1170
Charleen,Champley,pchampleycu@businessweek.com,(863) 5429901,1 Carioca Way,Lakeland,FL,33805,255,318.75,Maria,Tattersfield,mtattersfield5d@auda.org.au,(208) 7633446,ID,2022-02-13,2022-02-15,510
Charleen,Champley,pchampleycu@businessweek.com,(863) 5429901,1 Carioca Way,Lakeland,FL,33805,255,318.75,Rebecka,Neilus,rneilusbf@wired.com,(202) 7638115,DC,2021-12-04,2021-12-05,318.75
Charleen,Champley,pchampleycu@businessweek.com,(863) 5429901,1 Carioca Way,Lakeland,FL,33805,255,318.75,Bamby,Kinchley,bkinchleyci@oaic.gov.au,(765) 2257536,IN,2021-12-07,2021-12-13,1657.50
Charleen,Champley,pchampleycu@businessweek.com,(863) 5429901,1 Carioca Way,Lakeland,FL,33805,255,318.75,Elden,Prene,eprene6y@devhub.com,(614) 4256266,OH,2021-12-15,2021-12-17,510
Charleen,Champley,pchampleycu@businessweek.com,(863) 5429901,1 Carioca Way,Lakeland,FL,33805,255,318.75,Chloe,Kretschmer,ckretschmer27@hugedomains.com,(510) 3197981,CA,2021-10-12,2021-10-15,765
Charleen,Champley,pchampleycu@businessweek.com,(863) 5429901,1 Carioca Way,Lakeland,FL,33805,255,318.75,Deeanne,Tobin,dtobinmf@issuu.com,(253) 5228773,WA,2021-04-18,2021-04-22,1020
Charleen,Champley,pchampleycu@businessweek.com,(863) 5429901,1 Carioca Way,Lakeland,FL,33805,255,318.75,Tana,Slade,tsladeet@toplist.cz,(602) 5794975,AZ,2021-08-25,2021-08-30,1402.50
Charleen,Champley,pchampleycu@businessweek.com,(863) 5429901,1 Carioca Way,Lakeland,FL,33805,255,318.75,Jerrine,Fancott,jfancottej@photobucket.com,(502) 3389093,KY,2021-04-08,2021-04-09,255
Charleen,Champley,pchampleycu@businessweek.com,(863) 5429901,1 Carioca Way,Lakeland,FL,33805,255,318.75,Wallis,Kuhl,wkuhlie@patch.com,(704) 3740857,NC,2022-02-26,2022-02-27,318.75
Charleen,Champley,pchampleycu@businessweek.com,(863) 5429901,1 Carioca Way,Lakeland,FL,33805,255,318.75,Sherie,Wootton,swoottondj@toplist.cz,(512) 6245075,TX,2021-11-06,2021-11-09,828.75
Charleen,Champley,pchampleycu@businessweek.com,(863) 5429901,1 Carioca Way,Lakeland,FL,33805,255,318.75,Grazia,Franke,gfrankehn@cbslocal.com,(206) 9413893,WA,2021-09-02,2021-09-09,1912.50
Charleen,Champley,pchampleycu@businessweek.com,(863) 5429901,1 Carioca Way,Lakeland,FL,33805,255,318.75,Laurella,Yitzhak,lyitzhakx@engadget.com,(251) 5044242,AL,2021-05-20,2021-05-23,892.50
Charleen,Champley,pchampleycu@businessweek.com,(863) 5429901,1 Carioca Way,Lakeland,FL,33805,255,318.75,Craggy,Gloy,cgloy21@reference.com,(608) 7729911,WI,2021-07-12,2021-07-18,1657.50
Charleen,Champley,pchampleycu@businessweek.com,(863) 5429901,1 Carioca Way,Lakeland,FL,33805,255,318.75,Ebony,Luard,eluardb7@google.it,(978) 2464823,MA,2021-09-11,2021-09-12,318.75
Charleen,Champley,pchampleycu@businessweek.com,(863) 5429901,1 Carioca Way,Lakeland,FL,33805,255,318.75,Neala,Lafayette,nlafayettefg@umich.edu,(612) 5369104,MN,2021-10-30,2021-11-04,1338.75
Charleen,Champley,pchampleycu@businessweek.com,(863) 5429901,1 Carioca Way,Lakeland,FL,33805,255,318.75,Amble,Morillas,amorillas12@dmoz.org,(281) 1515295,TX,2021-08-17,2021-08-19,510
Waylon,de Clerk,kdeclerkdc@sitemeter.com,(208) 9496329,2 Debra Way,Boise,ID,83757,200,250,Wallis,Kuhl,wkuhlie@patch.com,(704) 3740857,NC,2021-10-12,2021-10-14,400
Waylon,de Clerk,kdeclerkdc@sitemeter.com,(208) 9496329,2 Debra Way,Boise,ID,83757,200,250,Nert,Detoile,ndetoile3r@yahoo.co.jp,(202) 5472570,DC,2021-09-10,2021-09-16,1300
Waylon,de Clerk,kdeclerkdc@sitemeter.com,(208) 9496329,2 Debra Way,Boise,ID,83757,200,250,Annamarie,Inman,ainmankh@example.com,(314) 6947914,MO,2021-10-02,2021-10-04,450
Waylon,de Clerk,kdeclerkdc@sitemeter.com,(208) 9496329,2 Debra Way,Boise,ID,83757,200,250,Nevile,Hairsine,nhairsine15@youku.com,(808) 9811903,HI,2022-01-13,2022-01-19,1300
Waylon,de Clerk,kdeclerkdc@sitemeter.com,(208) 9496329,2 Debra Way,Boise,ID,83757,200,250,Goldy,Bowland,gbowlandm6@devhub.com,(510) 1381796,CA,2021-07-31,2021-08-02,450
Waylon,de Clerk,kdeclerkdc@sitemeter.com,(208) 9496329,2 Debra Way,Boise,ID,83757,200,250,Mason,Barrell,mbarrell46@usda.gov,(772) 3375343,FL,2022-03-04,2022-03-11,1500
Waylon,de Clerk,kdeclerkdc@sitemeter.com,(208) 9496329,2 Debra Way,Boise,ID,83757,200,250,Aline,Wigin,awiginnl@myspace.com,(850) 4205281,FL,2021-04-05,2021-04-08,600
Waylon,de Clerk,kdeclerkdc@sitemeter.com,(208) 9496329,2 Debra Way,Boise,ID,83757,200,250,Jacki,Speke,jspekeml@washingtonpost.com,(805) 9496477,CA,2021-08-18,2021-08-24,1300
Waylon,de Clerk,kdeclerkdc@sitemeter.com,(208) 9496329,2 Debra Way,Boise,ID,83757,200,250,Pace,Rowan,prowann0@ca.gov,(212) 4964237,NY,2021-05-04,2021-05-11,1500
Waylon,de Clerk,kdeclerkdc@sitemeter.com,(208) 9496329,2 Debra Way,Boise,ID,83757,200,250,Lib,Peachey,lpeacheyjc@ucoz.ru,(951) 9735060,CA,2022-02-09,2022-02-10,200
Waylon,de Clerk,kdeclerkdc@sitemeter.com,(208) 9496329,2 Debra Way,Boise,ID,83757,200,250,Dalt,Brownhill,dbrownhillcr@narod.ru,(334) 3523276,AL,2021-06-28,2021-06-29,200
Waylon,de Clerk,kdeclerkdc@sitemeter.com,(208) 9496329,2 Debra Way,Boise,ID,83757,200,250,Tabbatha,Kelby,tkelbyke@diigo.com,(626) 3121859,CA,2022-01-05,2022-01-10,1100
Vincenzo,Gadsby,dgadsbyg0@weebly.com,(203) 3323571,0426 Loeprich Hill,Danbury,CT,06816,438,547.5,Marika,Cockcroft,mcockcroftg5@biblegateway.com,(202) 3785056,DC,2022-01-21,2022-01-27,2847.0
Vincenzo,Gadsby,dgadsbyg0@weebly.com,(203) 3323571,0426 Loeprich Hill,Danbury,CT,06816,438,547.5,Olva,Pizey,opizey99@marriott.com,(801) 8516983,UT,2021-12-26,2021-12-30,1752
Vincenzo,Gadsby,dgadsbyg0@weebly.com,(203) 3323571,0426 Loeprich Hill,Danbury,CT,06816,438,547.5,Tana,Slade,tsladeet@toplist.cz,(602) 5794975,AZ,2022-03-11,2022-03-14,1533.0
Vincenzo,Gadsby,dgadsbyg0@weebly.com,(203) 3323571,0426 Loeprich Hill,Danbury,CT,06816,438,547.5,Sandie,Asson,sassonli@ameblo.jp,(651) 1439756,MN,2021-07-22,2021-07-25,1533.0
Vincenzo,Gadsby,dgadsbyg0@weebly.com,(203) 3323571,0426 Loeprich Hill,Danbury,CT,06816,438,547.5,Aurie,Tester,atesterkd@irs.gov,(817) 3659669,TX,2021-07-26,2021-07-29,1314
Vincenzo,Gadsby,dgadsbyg0@weebly.com,(203) 3323571,0426 Loeprich Hill,Danbury,CT,06816,438,547.5,Gabie,Rymell,grymell1v@redcross.org,(650) 3866667,CA,2021-11-01,2021-11-04,1314
Vincenzo,Gadsby,dgadsbyg0@weebly.com,(203) 3323571,0426 Loeprich Hill,Danbury,CT,06816,438,547.5,Licha,Topham,ltopham6x@ft.com,(503) 3186595,OR,2021-09-08,2021-09-15,3285.0
Vincenzo,Gadsby,dgadsbyg0@weebly.com,(203) 3323571,0426 Loeprich Hill,Danbury,CT,06816,438,547.5,Eward,Huish,ehuishog@twitter.com,(406) 2478698,MT,2021-08-16,2021-08-20,1752
Vincenzo,Gadsby,dgadsbyg0@weebly.com,(203) 3323571,0426 Loeprich Hill,Danbury,CT,06816,438,547.5,Helaina,Luney,hluney7s@dailymail.co.uk,(619) 2414294,CA,2022-03-05,2022-03-11,2737.5
Vincenzo,Gadsby,dgadsbyg0@weebly.com,(203) 3323571,0426 Loeprich Hill,Danbury,CT,06816,438,547.5,Ryley,Wong,rwongj@eventbrite.com,(414) 5700854,WI,2021-08-30,2021-09-06,3285.0
Vincenzo,Gadsby,dgadsbyg0@weebly.com,(203) 3323571,0426 Loeprich Hill,Danbury,CT,06816,438,547.5,Celestia,Gladtbach,cgladtbach19@thetimes.co.uk,(859) 1228297,KY,2021-05-26,2021-05-30,1971.0
Vincenzo,Gadsby,dgadsbyg0@weebly.com,(203) 3323571,0426 Loeprich Hill,Danbury,CT,06816,438,547.5,Brant,Blabey,bblabeyoh@cdc.gov,(304) 6053171,WV,2021-12-24,2021-12-25,547.5
Vincenzo,Gadsby,dgadsbyg0@weebly.com,(203) 3323571,0426 Loeprich Hill,Danbury,CT,06816,438,547.5,Madelin,Cruden,mcrudenel@deliciousdays.com,(214) 5116684,TX,2021-06-13,2021-06-18,2190
Vincenzo,Gadsby,dgadsbyg0@weebly.com,(203) 3323571,0426 Loeprich Hill,Danbury,CT,06816,438,547.5,Bertie,Geraldez,bgeraldezfn@godaddy.com,(305) 8305212,FL,2021-09-28,2021-09-30,876
Vincenzo,Gadsby,dgadsbyg0@weebly.com,(203) 3323571,0426 Loeprich Hill,Danbury,CT,06816,438,547.5,Rita,Philippet,rphilippetm2@state.tx.us,(612) 1676094,MN,2022-02-10,2022-02-13,1533.0
Darius,Longega,alongegaj4@ocn.ne.jp,(714) 8135393,789 Mesta Junction,Irvine,CA,92710,223,278.75,Bryna,Towll,btowllqv@w3.org,(512) 7369000,TX,2022-01-21,2022-01-22,278.75
Darius,Longega,alongegaj4@ocn.ne.jp,(714) 8135393,789 Mesta Junction,Irvine,CA,92710,223,278.75,Leland,Paulich,lpaulich50@nydailynews.com,(219) 2176166,IN,2021-12-09,2021-12-14,1226.50
Darius,Longega,alongegaj4@ocn.ne.jp,(714) 8135393,789 Mesta Junction,Irvine,CA,92710,223,278.75,Lonnie,De Ruggiero,lderuggierolo@alibaba.com,(202) 1967919,DC,2022-01-27,2022-02-03,1672.50
Darius,Longega,alongegaj4@ocn.ne.jp,(714) 8135393,789 Mesta Junction,Irvine,CA,92710,223,278.75,Holt,Keggins,hkeggins3m@multiply.com,(405) 9268486,OK,2021-05-19,2021-05-26,1672.50
Darius,Longega,alongegaj4@ocn.ne.jp,(714) 8135393,789 Mesta Junction,Irvine,CA,92710,223,278.75,Wally,Alvarado,walvarado41@pagesperso-orange.fr,(202) 5774837,DC,2021-11-21,2021-11-22,223
Darius,Longega,alongegaj4@ocn.ne.jp,(714) 8135393,789 Mesta Junction,Irvine,CA,92710,223,278.75,Karney,Spykings,kspykings26@nymag.com,(754) 2083963,FL,2021-04-09,2021-04-11,557.50
Darius,Longega,alongegaj4@ocn.ne.jp,(714) 8135393,789 Mesta Junction,Irvine,CA,92710,223,278.75,Malia,Tidgewell,mtidgewellqw@flickr.com,(808) 1804921,HI,2021-03-21,2021-03-27,1393.75
Darius,Longega,alongegaj4@ocn.ne.jp,(714) 8135393,789 Mesta Junction,Irvine,CA,92710,223,278.75,Elladine,Hambric,ehambric9s@clickbank.net,(210) 7848502,TX,2021-04-23,2021-04-27,1003.50
Darius,Longega,alongegaj4@ocn.ne.jp,(714) 8135393,789 Mesta Junction,Irvine,CA,92710,223,278.75,Phineas,Nowell,pnowellr1@seesaa.net,(202) 1532866,DC,2021-09-27,2021-10-02,1170.75
Darius,Longega,alongegaj4@ocn.ne.jp,(714) 8135393,789 Mesta Junction,Irvine,CA,92710,223,278.75,Nicolai,Busse,nbusse80@photobucket.com,(512) 2187396,TX,2021-05-05,2021-05-10,1226.50
Darius,Longega,alongegaj4@ocn.ne.jp,(714) 8135393,789 Mesta Junction,Irvine,CA,92710,223,278.75,Willis,Tolossi,wtolossi9b@tmall.com,(816) 8061692,MO,2021-08-04,2021-08-10,1449.50
Darius,Longega,alongegaj4@ocn.ne.jp,(714) 8135393,789 Mesta Junction,Irvine,CA,92710,223,278.75,Janean,Casemore,jcasemorehl@mapquest.com,(704) 5391008,NC,2021-07-04,2021-07-05,223
Joshua,Spurett,jspurettp0@is.gd,(702) 3668758,51352 Sunbrook Terrace,Las Vegas,NV,89105,227,283.75,Brigg,Matyasik,bmatyasik9p@berkeley.edu,(205) 3254719,AL,2021-06-21,2021-06-22,227
Joshua,Spurett,jspurettp0@is.gd,(702) 3668758,51352 Sunbrook Terrace,Las Vegas,NV,89105,227,283.75,Dana,Khoter,dkhoter7j@chronoengine.com,(417) 7086097,MO,2022-01-07,2022-01-11,1021.50
Joshua,Spurett,jspurettp0@is.gd,(702) 3668758,51352 Sunbrook Terrace,Las Vegas,NV,89105,227,283.75,Corbin,Sivil,csivilen@parallels.com,(971) 9920603,OR,2021-03-29,2021-04-02,908
Joshua,Spurett,jspurettp0@is.gd,(702) 3668758,51352 Sunbrook Terrace,Las Vegas,NV,89105,227,283.75,Zita,McOrkil,zmcorkilc3@china.com.cn,(414) 4397982,WI,2021-12-24,2021-12-27,794.50
Joshua,Spurett,jspurettp0@is.gd,(702) 3668758,51352 Sunbrook Terrace,Las Vegas,NV,89105,227,283.75,Meggi,Jovicic,mjovicic6g@sohu.com,(312) 9431085,IL,2021-04-04,2021-04-10,1418.75
Joshua,Spurett,jspurettp0@is.gd,(702) 3668758,51352 Sunbrook Terrace,Las Vegas,NV,89105,227,283.75,Ailis,Deners,adenerscy@google.nl,(913) 5298567,KS,2021-10-11,2021-10-18,1702.50
Joshua,Spurett,jspurettp0@is.gd,(702) 3668758,51352 Sunbrook Terrace,Las Vegas,NV,89105,227,283.75,Crissie,Speariett,cspeariettck@apache.org,(812) 9316470,IN,2021-11-23,2021-11-27,964.75
Joshua,Spurett,jspurettp0@is.gd,(702) 3668758,51352 Sunbrook Terrace,Las Vegas,NV,89105,227,283.75,Hurley,Parkes,hparkesae@hugedomains.com,(520) 6196334,AZ,2022-02-24,2022-03-03,1702.50
Joshua,Spurett,jspurettp0@is.gd,(702) 3668758,51352 Sunbrook Terrace,Las Vegas,NV,89105,227,283.75,Jerrine,Fancott,jfancottej@photobucket.com,(502) 3389093,KY,2021-10-25,2021-11-01,1702.50
Joshua,Spurett,jspurettp0@is.gd,(702) 3668758,51352 Sunbrook Terrace,Las Vegas,NV,89105,227,283.75,Al,Giacopetti,agiacopettio8@cargocollective.com,(210) 2137470,TX,2021-05-06,2021-05-09,794.50
Joshua,Spurett,jspurettp0@is.gd,(702) 3668758,51352 Sunbrook Terrace,Las Vegas,NV,89105,227,283.75,Bertina,McSporon,bmcsporonri@zdnet.com,(419) 8533711,OH,2021-07-21,2021-07-22,227
Joshua,Spurett,jspurettp0@is.gd,(702) 3668758,51352 Sunbrook Terrace,Las Vegas,NV,89105,227,283.75,Rollins,Badcock,rbadcock52@moonfruit.com,(303) 4049834,CO,2021-06-05,2021-06-07,510.75
Joshua,Spurett,jspurettp0@is.gd,(702) 3668758,51352 Sunbrook Terrace,Las Vegas,NV,89105,227,283.75,Maryjo,Pulley,mpulleyf0@google.com,(410) 3594016,MD,2021-09-28,2021-10-03,1248.50
